date,asset,open,high,low,close,volume,amount,raw_close,float_shares,market_cap,turnover_rate,industry,listing_date,is_st,suspendFlag
2018-01-02,000001.SZ,10.209677383647731,10.65324389170134,10.18673428840358,10.47734682816284,2081592,2856543822.0,13.7,19405684991.0,265857884376.7,0.010726712306035,UNKNOWN,19910403,0,0
2018-01-02,000002.SZ,23.73110086790888,24.89313251613081,23.73110086790888,24.56866913383508,683433,2218502766.0,32.56,9716961890.0,316384279138.4,0.0070334020832513,UNKNOWN,19910129,0,0
2018-01-02,000008.SZ,8.611041348219752,8.679929679005511,8.561835397658497,8.630723728444254,82899,72523239.0,8.77,2716296952.0,23821924269.04,0.0030519122711882,UNKNOWN,19920507,0,0
2018-01-02,000009.SZ,5.89733630850036,5.946007584774091,5.864888790984541,5.937895705395136,192699,140497529.0,7.32,2576020465.0,18856469803.8,0.0074804918135617,UNKNOWN,19910625,0,0
2018-01-02,000010.SZ,5.38,5.49,5.33,5.48,85198,46225100.0,5.48,917621690.0,5028566861.200001,0.0092846541149218,UNKNOWN,19951027,0,0
2018-01-02,000011.SZ,12.963538032554824,13.248028487599028,12.91740444525036,13.132694519337862,45729,78233953.0,17.08,526475543.0,8992202274.439999,0.0086858735620317,UNKNOWN,19920330,0,0
2018-01-02,000012.SZ,5.598698546484942,5.85379512294349,5.591985478683402,5.786664444928082,382425,327359068.0,8.62,1959316598.0,16889309074.759998,0.0195182851199426,UNKNOWN,19920228,0,0
2018-01-02,000014.SZ,8.554874300727722,8.769142952044652,8.531066672803618,8.665976564373537,32410,35415122.0,10.92,242046224.0,2643144766.08,0.0133900043819729,UNKNOWN,19920602,0,0
2018-01-02,000016.SZ,5.566750466660347,5.658611035417119,5.539192296033316,5.62186680791441,124368,75916581.0,6.12,1596593800.0,9771154056.0,0.0077895830486126,UNKNOWN,19920327,0,0
2018-01-02,000017.SZ,6.18,6.27,6.18,6.26,11773,7343897.0,6.26,440821951.0,2759545413.26,0.0026706927759139,UNKNOWN,19920331,0,0
2018-01-02,000020.SZ,14.18,14.4,14.12,14.33,10349,14766717.0,14.33,181165391.0,2596100053.03,0.0057124597269243,UNKNOWN,19920428,0,0
2018-01-02,000021.SZ,9.131699660629588,9.16874509535831,8.937211128303806,9.103915584583048,248142,243375639.0,9.83,1584572862.0,15576351233.46,0.0156598668291467,UNKNOWN,19940202,0,0
2018-01-02,000025.SZ,25.74798155546542,26.2541673003304,25.74798155546542,26.20017415421147,15366,59397197.0,38.82,392778320.0,15247654382.4,0.0039121303843857,UNKNOWN,19930621,0,0
2018-01-02,000026.SZ,8.974150152625759,9.061586513723087,8.94235511222673,8.974150152625759,24319,27524949.0,11.29,364437819.0,4114502976.51,0.0066730176540761,UNKNOWN,19930603,0,0
2018-01-02,000027.SZ,4.244470200792505,4.272440350385866,4.237477663394164,4.265447812987524,59633,36302962.0,6.1,4757352416.0,29019849737.6,0.0012534913284843,UNKNOWN,19930903,0,0
2018-01-02,000028.SZ,36.42390766669689,37.26325169283596,36.24879272599161,37.14852121444285,16213,98873435.0,61.52,525859082.0,32350850724.640003,0.0030831453815225,UNKNOWN,19930809,0,0
2018-01-02,000030.SZ,4.10042240475084,4.13075845213494,4.080198373161441,4.11559042844289,48241,39206572.0,8.14,1670808645.0,13600382370.3,0.0028872845579512,UNKNOWN,19930929,0,0
2018-01-02,000036.SZ,5.037002320044343,5.266465759068586,5.037002320044343,5.210499066623649,199186,184953106.0,9.31,1402981231.0,13061755260.61,0.0141973388951202,UNKNOWN,19940617,0,0
2018-01-02,000037.SZ,6.9677602248547,7.057345713459974,6.689049815860511,7.007575997568155,25068,17544100.0,7.04,338908150.0,2385913376.0,0.0073966943550929,UNKNOWN,19940701,0,0
2018-01-02,000039.SZ,10.15553026901964,10.351944920376503,10.070714851388267,10.213561870556896,333575,763867524.0,22.88,2301407141.0,52656195386.08,0.0144943931935075,UNKNOWN,19940408,0,0
2018-01-02,000042.SZ,15.471145608228037,15.73854812491346,15.471145608228037,15.728998035031836,4544,7466210.0,16.47,664142227.0,10938422478.69,0.0006841907975834,UNKNOWN,19940921,0,0
2018-01-02,000045.SZ,9.466164948104478,9.514511040791426,9.388811199805362,9.495172603716648,21825,21359064.0,9.82,457021849.0,4487954557.18,0.004775482845679,UNKNOWN,19940815,0,0
2018-01-02,000048.SZ,11.604000711696,11.644432769924904,11.419168445506712,11.615552728332828,2179,4366247.0,20.11,529301925.0,10644261711.75,0.0004116743010144,UNKNOWN,19941101,0,0
2018-01-02,000049.SZ,22.3258106547231,22.47684971452704,21.93982194633525,22.25308814444713,31974,126769960.0,39.78,384534862.0,15296796810.36,0.0083149808144053,UNKNOWN,19950320,0,0
2018-01-02,000050.SZ,19.219916721307705,19.39499693435605,19.02538315125398,19.365816898848,182119,359802990.0,19.91,2435753974.0,48495861622.34,0.0074769045619547,UNKNOWN,19950315,0,0
2018-01-02,000055.SZ,5.3778712252539895,5.475328529171277,5.369011470352417,5.448749264466563,53654,32841955.0,6.15,675854429.0,4156504738.35,0.0079386917800312,UNKNOWN,19960415,0,0
2018-01-02,000058.SZ,7.148190483663493,7.264421223235257,7.148190483663493,7.225677643378003,28007,20888438.0,7.46,984739279.0,7346155021.34,0.0028441030633449,UNKNOWN,19961226,0,0
2018-01-02,000059.SZ,8.18576365827611,8.706986605201832,8.151585104379341,8.664263412830874,584835,583842021.0,10.14,1599395262.0,16217867956.68,0.036566008034104,UNKNOWN,19970130,0,0
2018-01-02,000060.SZ,6.374209656659185,6.408175249856304,6.2949566058659085,6.385531521058224,409161,458735280.0,11.28,4441101208.0,50095621626.24,0.0092130528181378,UNKNOWN,19970123,0,0
2018-01-02,000061.SZ,7.002961825818802,7.085242056148266,7.002961825818802,7.039530817076341,32827,25290956.0,7.7,1794330738.0,13816346682.6,0.0018294843478293,UNKNOWN,19970110,0,0
2018-01-02,000062.SZ,13.736269721274327,13.876555029066065,13.736269721274327,13.78887671169623,18152,42884566.0,23.59,1044929326.0,24649882800.34,0.001737150977424,UNKNOWN,19970130,0,0
2018-01-02,000063.SZ,33.263260057491564,33.372678676101735,31.713162960514165,32.579393691178005,899607,3195105241.0,35.73,4027621232.0,143906906619.36,0.0223359384654271,UNKNOWN,19971118,0,0
2018-01-02,000065.SZ,9.917421760506974,9.994215955555148,9.791259868642118,9.994215955555148,58013,104484540.0,18.22,1065018573.0,19404638400.06,0.0054471350519818,UNKNOWN,19980605,0,0
2018-01-02,000066.SZ,7.073848276339882,7.141679698167798,6.909114823329227,6.938185432684048,801397,576924781.0,7.16,3225589838.0,23095223240.08,0.0248449753455603,UNKNOWN,19970626,0,0
2018-01-02,000068.SZ,5.09,5.55,5.07,5.4,129902,69782471.0,5.4,1006671464.0,5436025905.6,0.0129041106900791,UNKNOWN,19970611,0,0
2018-01-02,000069.SZ,6.948094266785959,7.479419122481357,6.948094266785959,7.275063408752358,826216,735606914.0,8.9,6898601781.0,61397555850.9,0.0119765718652662,UNKNOWN,19970910,0,0
2018-01-02,000070.SZ,7.707891450532052,7.716108818816201,7.60106566283811,7.691456713963752,35511,33079514.0,9.36,856717041.0,8018871503.759999,0.0041450091804582,UNKNOWN,20000511,0,0
2018-01-02,000078.SZ,5.784802935466,5.863374112857728,5.7356959495961695,5.853552715683763,148613,87880486.0,5.96,2628998887.0,15668833366.52,0.0056528361702573,UNKNOWN,19981218,0,0
2018-01-02,000088.SZ,6.110984942316568,6.166975642049835,6.078990256754701,6.142979627878435,64368,49394555.0,7.68,3162920742.0,24291231298.56,0.0020350810295454,UNKNOWN,19970728,0,0
2018-01-02,000089.SZ,7.902000204941827,7.9474139992231025,7.865669169516808,7.9474139992231025,58143,50686681.0,8.75,2050769509.0,17944233203.75,0.0028351796603584,UNKNOWN,19980420,0,0
2018-01-02,000090.SZ,4.2659165489102335,4.393257341415016,4.2659165489102335,4.384767955248031,114179,117307491.0,10.33,1868545434.0,19302074333.22,0.0061105819490605,UNKNOWN,19990721,0,0
2018-01-02,000096.SZ,11.880892895309334,12.034720145286682,11.880892895309334,12.025671483523308,5309,7022290.0,13.29,510848000.0,6789169920.0,0.0010392523803558,UNKNOWN,20000724,0,0
2018-01-02,000099.SZ,8.533445567678001,8.646846837680368,8.50509525017741,8.637396731846838,37023,33652978.0,9.14,775770137.0,7090539052.18,0.0047724188176632,UNKNOWN,20000731,0,0
2018-01-02,000100.SZ,2.950454291956682,2.996079873791064,2.950454291956682,2.973267082873873,891914,348298561.0,3.91,20114980236.0,78649572722.76001,0.0044340784307793,UNKNOWN,20040130,0,0
2018-01-02,000151.SZ,11.8615658937617,12.09226085441833,11.794279863570182,12.024974824226812,25759,32077538.0,12.51,307934695.0,3852263034.45,0.0083650853308361,UNKNOWN,20000906,0,0
2018-01-02,000153.SZ,5.150373582908633,5.1763855707011,5.111355601219931,5.169882573752983,17875,14143339.0,7.95,460855922.0,3663804579.9,0.0038786525564056,UNKNOWN,20000920,0,0
2018-01-02,000155.SZ,5.847670093458476,6.012529781002081,5.799181950063297,5.944646380248831,407349,248363359.0,6.13,1846168342.0,11317011936.46,0.0220645642508802,UNKNOWN,20000926,0,0
2018-01-02,000157.SZ,3.0069859044595346,3.10158770819534,3.0069859044595346,3.074558621413681,663218,301680747.0,4.55,7070417363.0,32170399001.65,0.0093801817622629,UNKNOWN,20001012,0,0
2018-01-02,000158.SZ,7.882432667458484,7.971555649879497,7.823017345844475,7.961653096277161,65202,52100924.0,8.04,1590643645.0,12788774905.8,0.0040990953696608,UNKNOWN,20000724,0,0
2018-01-02,000159.SZ,5.195272386305663,5.274138001278045,5.185414184434116,5.274138001278045,33181,17626744.0,5.35,480672868.0,2571599843.8,0.0069030316061026,UNKNOWN,20000926,0,0
2018-01-02,000166.SZ,4.684159325533527,4.71032781338567,4.649268008397337,4.692882154817575,176648,94793279.0,5.38,22535507316.0,121241029360.08,0.0007838652022472,UNKNOWN,20150126,0,0
2018-01-02,000301.SZ,4.853711561852283,4.954259258990466,4.835430162372614,4.935977859510796,104588,56269077.0,5.4,6609848275.0,35693180685.0,0.001582305608974,UNKNOWN,20000529,0,0
2018-01-02,000333.SZ,40.54027456814414,41.21173414692195,40.446414627024666,40.70633446397091,329725,1866579510.0,56.38,6885188232.0,388186912520.16,0.0047889032062703,UNKNOWN,20130918,0,0
2018-01-02,000338.SZ,6.257539084461402,6.489854906758771,6.2500450256776166,6.4748667891912,972471,832558802.0,8.64,4956392543.0,42823231571.52,0.0196205403741363,UNKNOWN,20070430,0,0
2018-01-02,000400.SZ,12.249288508728156,12.295617133950271,12.13809980819507,12.277085683861428,118971,156887454.0,13.25,1015065609.0,13449619319.25,0.0117205231804873,UNKNOWN,19970418,0,0
2018-01-02,000402.SZ,9.467685870087916,9.71370996527837,9.450718691109264,9.62887407038511,277656,315845871.0,11.35,2988667172.0,33921372402.2,0.0092902951054999,UNKNOWN,19960626,0,0
2018-01-02,000403.SZ,12.240294547752308,12.46284535771144,12.240294547752308,12.46284535771144,7775,23282763.0,30.24,940679937.0,28446161294.88,0.0008265297997952,UNKNOWN,19960628,0,0
2018-01-02,000404.SZ,5.0017380402367975,5.017616573697867,4.96998097331466,5.009677306967332,63567,40026486.0,6.31,693418335.0,4375469693.849999,0.0091671934230005,UNKNOWN,19960619,0,0
2018-01-02,000407.SZ,7.1835901586248285,7.341778024812163,7.137064315628554,7.248726338819614,54393,42381731.0,7.79,875782212.0,6822343431.4800005,0.0062107906800007,UNKNOWN,19960703,0,0
2018-01-02,000408.SZ,14.238969551692527,14.36753812552271,14.086294370269192,14.27914723101446,50585,89468433.0,17.77,1568898254.0,27879321973.58,0.0032242371276168,UNKNOWN,19960628,0,0
2018-01-02,000409.SZ,5.25,5.36,5.21,5.35,43746,23121652.0,5.35,590473484.0,3159033139.4,0.0074086307320109,UNKNOWN,19960627,0,0
2018-01-02,000410.SZ,10.2,10.24,9.9,10.02,152311,153405229.0,10.02,1971018333.0,19749603696.66,0.0077275283263435,UNKNOWN,19960718,0,0
2018-01-02,000411.SZ,14.318272551536104,14.519735682914504,14.318272551536104,14.512540571079562,3070,6158565.0,20.17,563735936.0,11370553829.12,0.0005445812132863,UNKNOWN,19960716,0,0
2018-01-02,000415.SZ,5.707604741459331,5.865600720461666,5.658230998021102,5.845851223086373,245640,143795886.0,5.92,5392913883.0,31926050187.36,0.004554865983941,UNKNOWN,19960716,0,0
2018-01-02,000417.SZ,6.702260608679091,6.7872068774836425,6.608819712994085,6.702260608679091,125244,98402210.0,7.89,779027451.0,6146526588.389999,0.0160769687691018,UNKNOWN,19960812,0,0
2018-01-02,000419.SZ,4.919623827497595,4.992687547707956,4.911505636363112,4.976451165438987,19954,12176759.0,6.13,543361733.0,3330807423.29,0.0036723233875581,UNKNOWN,19960816,0,0
2018-01-02,000420.SZ,3.14,3.21,3.13,3.17,126260,40061494.0,3.17,2458082143.0,7792120393.309999,0.0051365248455816,UNKNOWN,19960802,0,0
2018-01-02,000421.SZ,5.420814520765727,5.508106219972904,5.420814520765727,5.473189540290033,27937,17531086.0,6.27,574220397.0,3600361889.19,0.0048652050930193,UNKNOWN,19960806,0,0
2018-01-02,000422.SZ,3.800814284960184,3.9035389953645128,3.791475674923426,3.8755231652542417,99489,41042852.0,4.15,1067165412.0,4428736459.8,0.0093227346839835,UNKNOWN,19960815,0,0
2018-01-02,000423.SZ,46.300632489260366,47.11494591946803,46.300632489260366,46.93825526951731,50161,305202417.0,61.1,638700293.0,39024587902.3,0.0078536052902671,UNKNOWN,19960729,0,0
2018-01-02,000425.SZ,3.839612035737135,3.996499409240372,3.806583114999611,3.897412647027801,2571112,1216978536.0,4.72,8999488510.0,42477585767.2,0.0285695347812605,UNKNOWN,19960828,0,0
2018-01-02,000426.SZ,9.754858418451684,9.922197059333298,9.577676328106447,9.892666710942423,167447,166571267.0,10.05,1775173814.0,17840496830.7,0.0094327101199567,UNKNOWN,19960828,0,0
2018-01-02,000428.SZ,4.16,4.18,4.1,4.16,34414,14229411.0,4.16,1018926000.0,4238732160.0,0.0033774778541326,UNKNOWN,19960808,0,0
2018-01-02,000429.SZ,5.000611998411751,5.031403944214779,4.98829522009054,5.019087165893568,33486,27234215.0,8.15,1303329906.0,10622138733.9,0.0025692650683333,UNKNOWN,19980220,0,0
2018-01-02,000430.SZ,7.435299846945875,7.504869903993321,7.426603589814943,7.487477389731459,10039,8628293.0,8.61,370556486.0,3190491344.46,0.0027091686097217,UNKNOWN,19960829,0,0
2018-01-02,000488.SZ,9.548328592438502,10.00848900653192,9.542576587262332,9.945216949594077,383271,654399816.0,17.29,1699414334.0,29382873834.86,0.0225531227042127,UNKNOWN,20001120,0,0
2018-01-02,000498.SZ,5.399994790689971,5.585644835810852,5.399994790689971,5.529142648165366,91588,62647927.0,6.85,1449347779.0,9928032286.15,0.0063192562425005,UNKNOWN,19970609,0,0
2018-01-02,000501.SZ,13.915756926994913,14.281273994495717,13.915756926994913,14.194246121281235,58270,94604272.0,16.31,768293891.0,12530873362.21,0.0075843372806409,UNKNOWN,19921120,0,0
2018-01-02,000503.SZ,44.05,44.5,42.51,42.72,127933,553107157.0,42.72,979235472.0,41832939363.84,0.0130645798337664,UNKNOWN,19921130,0,0
2018-01-02,000504.SZ,23.48,23.95,23.1,23.23,29789,69948554.0,23.23,329122398.0,7645513305.54,0.009051040032833,UNKNOWN,19921208,0,0
2018-01-02,000505.SZ,8.272703799276192,8.400733739026895,8.23330997166059,8.381036825219095,19950,16849951.0,8.51,661975251.0,5633409386.01,0.0030137078342223,UNKNOWN,19921221,0,0
2018-01-02,000506.SZ,7.4,7.44,7.37,7.39,13782,10204146.0,7.39,928706961.0,6863144441.79,0.0014839987831209,UNKNOWN,19930312,0,0
2018-01-02,000507.SZ,9.254446793628674,9.373563435526863,9.162818607553142,9.30026088666644,188827,191325788.0,10.15,902354455.0,9158897718.25,0.0209260339940361,UNKNOWN,19930326,0,0
2018-01-02,000510.SZ,8.819393130407839,8.819393130407839,8.610826400972517,8.789597883345648,102239,89498994.0,8.85,606978092.0,5371756114.2,0.0168439357775041,UNKNOWN,19930507,0,0
2018-01-02,000513.SZ,28.776341925607237,29.16965029377038,28.577526706535757,29.13075166395205,45188,302695630.0,67.4,568139794.0,38292622115.600006,0.0079536762742586,UNKNOWN,19931028,0,0
2018-01-02,000514.SZ,5.93554784571803,6.36159043170758,5.93554784571803,6.216348641029324,103796,66384759.0,6.42,843770965.0,5417009595.3,0.0123014424891949,UNKNOWN,19930712,0,0
2018-01-02,000517.SZ,2.409514522855396,2.473673193582315,2.409514522855396,2.452286970006675,82736,28472055.0,3.44,2491986416.0,8572433271.04,0.0033200823033699,UNKNOWN,19930806,0,0
2018-01-02,000518.SZ,6.86,6.98,6.84,6.91,21927,15186949.0,6.91,1029444622.0,7113462338.02,0.0021299834426644,UNKNOWN,19930908,0,0
2018-01-02,000519.SZ,9.618170198997188,9.883160602438949,9.421881011262547,9.804644927345093,245510,242050765.0,9.99,1392558982.0,13911664230.18,0.0176301329547562,UNKNOWN,19931008,0,0
2018-01-02,000520.SZ,4.02,4.06,4.01,4.04,50277,20290277.0,4.04,1012083455.0,4088817158.2,0.0049676733427086,UNKNOWN,19931025,0,0
2018-01-02,000521.SZ,4.131490895880276,4.229277662646673,4.131490895880276,4.204830970955074,44001,22590331.0,5.16,875535139.0,4517761317.24,0.0050256121130964,UNKNOWN,19931018,0,0
2018-01-02,000523.SZ,6.55660372179322,6.57309832235119,6.482378019282353,6.564851022072205,16302,12924204.0,7.96,1794818054.0,14286751709.84,0.0009082814808815,UNKNOWN,19931108,0,0
2018-01-02,000524.SZ,10.444428027300647,10.57258051843317,10.435274277934038,10.535965520966736,9210,10581605.0,11.51,670007682.0,7711788419.82,0.001374611104832,UNKNOWN,19931118,0,0
2018-01-02,000525.SZ,8.61415369433155,9.501282955389575,8.61415369433155,9.355570902848642,131205,280990141.0,21.83,1111760005.0,24269720909.15,0.0118015578371161,UNKNOWN,19931028,0,0
2018-01-02,000528.SZ,5.31483410210094,5.501101652408215,5.31483410210094,5.420385713941729,280816,245728774.0,8.73,2038889582.0,17799506050.86,0.013772987143548,UNKNOWN,19931118,0,0
2018-01-02,000529.SZ,5.6856789278931,5.828240198946466,5.6856789278931,5.761152541980176,23408,15985426.0,6.87,569884377.0,3915105669.99,0.0041074998622045,UNKNOWN,19931118,0,0
2018-01-02,000530.SZ,4.943236144420346,5.064944610097362,4.933873954752882,5.027495851427511,109780,58567275.0,5.37,600116725.0,3222626813.25,0.0182931078949682,UNKNOWN,19931208,0,0
2018-01-02,000531.SZ,5.572228536979839,5.649328554472642,5.572228536979839,5.6142830919759135,15905,12743814.0,8.01,909745488.0,7287061358.88,0.0017482911660233,UNKNOWN,19940106,0,0
2018-01-02,000532.SZ,10.052010003007616,10.13825222419643,10.004097657902715,10.080757410070552,11398,11986947.0,10.52,343549746.0,3614143327.92,0.0033177145763338,UNKNOWN,19940103,0,0
2018-01-02,000533.SZ,10.570961568571136,10.600879384331243,10.541043752811028,10.541043752811028,46249,49032507.0,10.57,684902400.0,7239418368.0,0.0067526409602302,UNKNOWN,19940103,0,0
